Remya	7848597469	ddfh@gdmd.co.in,
Ishaan	47856	issa@mail.co.in,
Siddhi	4758459843	test@gdmd.co.in,
Anandan	7.59846E+13	anan@ymail.com,
Jeremy	123	jerry@yah.co.in,
ABHINAV	0	mwa089@hrm.co.uk,
Marwa		ddfh@gdmd.co.in,
Diya	5449086704	dd@gdmd.co.au,
ALAN	9.15793E+11	,
rose	0574 65489678	4673567485,
Miya		ddfh@gdmd.co.in,
???	81 4370986793	,
???	8.18379E+11	d,dfh@gdmd.co.in
????	95439058	,
?????	4568098690	,ddfh@gdmd.co.in
????	8238957438	ddfh@gdmd.co.in
???	6584590865	ddfh@gdmd.co.in,
Ramesh	567905697-60	,
Lal Menon	5904-4568-6589	ddfh@gdmd.co.in,
aaRya aNand	383-5466-986	ljdfkdhgkjfdgk,
